GB-GOR	UK Government organisation name	Website	Status	CO2 emissions (g)	Website carbon link	Date last checked
OT1276	Academy for Social Justice	https://gov.uk/government/organisations/academy-for-social-justice		0.11		2022-06-23
OT1137	Accelerated Access Review	https://gov.uk/government/organisations/accelerated-access-review		0.11		2022-06-23
EA1350	Active Travel England	https://www.gov.uk/government/organisations/active-travel-england		0.11		2022-06-23
PB523	Administration of Radioactive Substances Advisory Committee	https://gov.uk/government/organisations/administration-of-radioactive-substances-advisory-committee		0.22		2022-06-23
PB573	Advisory Committee on Animal Feedingstuffs	https://acaf.food.gov.uk/		0.29		2022-06-23
PB336	Advisory Committee on Business Appointments	https://gov.uk/government/organisations/advisory-committee-on-business-appointments		0.43		2022-06-23
OT522	Advisory Committee on Clinical Excellence Awards	https://gov.uk/government/organisations/advisory-committee-on-clinical-excellence-awards		0.11		2022-06-23
PB392	Advisory Committee on Conscientious Objectors	https://gov.uk/government/organisations/advisory-committee-on-conscientious-objectors		0.11		2022-06-23
PB574	Advisory Committee on Novel Foods and Processes	https://acnfp.food.gov.uk/		0.26		2022-06-23
PB209	Advisory Committee on Releases to the Environment	https://gov.uk/government/organisations/advisory-committee-on-releases-to-the-environment		0.11		2022-06-23
PB575	Advisory Committee on the Microbiological Safety of Food	https://acmsf.food.gov.uk/		0.29		2022-06-23
PB437	Advisory Committees on Justices of the Peace	https://www.judiciary.uk/publications/advisory-committees-justices-peace/		0.30		2022-06-23
PB271	Advisory Council on the Misuse of Drugs	https://gov.uk/government/organisations/advisory-council-on-the-misuse-of-drugs		0.35		2022-06-23
PB393	Advisory Group on Military and Emergency Response Medicine	https://gov.uk/government/organisations/advisory-group-on-military-medicine		0.11		2022-06-23
PB28	Advisory, Conciliation and Arbitration Service	https://www.acas.org.uk/		0.39		2022-06-23
PB1072	Agri-Food and Biosciences Institute (Northern Ireland)	https://www.afbini.gov.uk/		0.24		2022-06-23
OT204	Agriculture and Horticulture Development Board	https://ahdb.org.uk/		3.51		2022-06-23
OT248	Air Accidents Investigation Branch	https://gov.uk/government/organisations/air-accidents-investigation-branch		0.58		2022-06-23
EA1079	Animal and Plant Health Agency	https://gov.uk/government/organisations/animal-and-plant-health-agency		0.77		2022-06-23
PB534	Animals in Science Committee	https://gov.uk/government/organisations/animals-in-science-committee		0.14		2022-06-23
PC163	Architects Registration Board	https://arb.org.uk/		0.93		2022-06-23
PB1308	Armed Forces Covenant Fund Trust	https://www.covenantfund.org.uk/		0.88		2022-06-23
PB394	Armed Forces' Pay Review Body	https://gov.uk/government/organisations/armed-forces-pay-review-body		0.63		2022-06-23
PB165	Arts Council England	http://www.artscouncil.org.uk/		4.12		2022-06-23
EA740	Arts Council of Northern Ireland	http://www.artscouncil-ni.org/	FAIL			
OT731	Arts Council of Wales	https://arts.wales/		0.76		2022-06-23
PB123	Arts and Humanities Research Council	http://www.ahrc.ac.uk/		0.50		2022-06-23
PB1334	Atomic Weapons Establishment	https://gov.uk/government/organisations/atomic-weapons-establishment		0.12		2022-06-23
D1	Attorney General's Office	https://gov.uk/government/organisations/attorney-generals-office		0.48		2022-06-23
PC388	BBC	https://www.bbc.co.uk		4.68		2022-06-23
PC427	BBC World Service	https://www.bbc.co.uk/worldservice/		0.74		2022-06-23
OT1016	Bank of England	http://www.bankofengland.co.uk/		0.50		2022-06-23
PB1222	Biometrics and Forensics Ethics Group	https://gov.uk/government/organisations/biometrics-and-forensics-ethics-group		0.27		2022-06-23
IM1345	Biometrics and Surveillance Camera Commissioner	https://gov.uk/government/organisations/biometrics-and-surveillance-camera-commissioner		0.30		2022-06-23
PB317	Biotechnology and Biological Sciences Research Council	http://www.bbsrc.ac.uk/		0.50		2022-06-23
PB1269	Birmingham Organising Committee for the 2022 Commonwealth Games Ltd	https://www.birmingham2022.com/		1.00		2022-06-23
PB508	Board of Trustees of the Royal Botanic Gardens Kew	http://www.kew.org/about/our-work/people-and-departments/board-trustees%20		0.51		2022-06-23
OT564	Bona Vacantia	https://gov.uk/government/organisations/bona-vacantia		0.30		2022-06-23
OT535	Border Force	https://gov.uk/government/organisations/border-force		0.28		2022-06-23
PB337	Boundary Commission for England	https://boundarycommissionforengland.independent.gov.uk/		1.48		2022-06-23
OT428	Boundary Commission for Northern Ireland	https://www.boundarycommission.org.uk/		0.24		2022-06-23
OT431	Boundary Commission for Scotland	https://www.bcomm-scotland.independent.gov.uk/		0.72		2022-06-23
OT432	Boundary Commission for Wales	http://bcomm-wales.gov.uk/		3.69		2022-06-23
OT1148	British Business Bank	http://british-business-bank.co.uk/		2.89		2022-06-23
OT1051	British Cattle Movement Service	https://gov.uk/government/organisations/british-cattle-movement-service		0.15		2022-06-23
OT313	British Council	http://www.britishcouncil.org		0.56		2022-06-23
PB189	British Film Institute	http://www.bfi.org.uk		3.14		2022-06-23
PB124	British Hallmarking Council	https://gov.uk/government/organisations/british-hallmarking-council		0.30		2022-06-23
PB166	British Library	http://www.bl.uk/		0.96		2022-06-23
PB167	British Museum	http://www.britishmuseum.org		1.62		2022-06-23
PB524	British Pharmacopoeia Commission	https://www.pharmacopoeia.com/		1.30		2022-06-23
PB461	British Transport Police Authority	http://btpa.police.uk/		1.10		2022-06-23
OT216	Broads Authority	https://www.broads-authority.gov.uk/		0.65		2022-06-23
PB160	Building Regulations Advisory Committee	https://gov.uk/government/organisations/building-regulations-advisory-committee		0.11		2022-06-23
D2	Cabinet Office	https://gov.uk/government/organisations/cabinet-office		2.14		2022-06-23
OT1201	Cabinet Office Board	https://gov.uk/government/organisations/cabinet-office-board		0.63		2022-06-23
PB246	Cafcass	http://www.cafcass.gov.uk/		0.68		2022-06-23
PB251	Care Quality Commission	http://www.cqc.org.uk/		0.76		2022-06-23
OT1102	Careers Wales	http://www.careerswales.com/		1.56		2022-06-23
PB1194	Central Advisory Committee on Compensation	https://gov.uk/government/organisations/central-advisory-committee-on-compensation		0.11		2022-06-23
PB148	Central Arbitration Committee	https://gov.uk/government/organisations/central-arbitration-committee		0.33		2022-06-23
OT1329	Central Digital and Data Office	https://gov.uk/government/organisations/central-digital-and-data-office		0.60		2022-06-23
OT1223	Centre for Connected and Autonomous Vehicles 	https://gov.uk/government/organisations/centre-for-connected-and-autonomous-vehicles		0.54		2022-06-23
OT1280	Centre for Data Ethics and Innovation	https://gov.uk/government/organisations/centre-for-data-ethics-and-innovation		0.31		2022-06-23
EA53	Centre for Environment, Fisheries and Aquaculture Science	https://gov.uk/government/organisations/centre-for-environment-fisheries-and-aquaculture-science		1.53		2022-06-23
OT567	Centre for the Protection of National Infrastructure	http://www.cpni.gov.uk/		3.87		2022-06-23
PB139	Certification Officer	https://gov.uk/government/organisations/certification-officer		0.13		2022-06-23
PC386	Channel 4	https://www.channel4.com/		1.01		2022-06-23
OT492	Chevening Scholarship Programme 	http://www.chevening.org/		3.52		2022-06-23
OT504	Chief Fire and Rescue Adviser	https://gov.uk/government/organisations/chief-fire-and-rescue-adviser-unit		0.11		2022-06-23
OT1277	Child Safeguarding Practice Review Panel	https://gov.uk/government/organisations/child-safeguarding-practice-review-panel		0.13		2022-06-23
OT1290	Churches Conservation Trust	https://www.visitchurches.org.uk/		2.71		2022-06-23
PC469	Civil Aviation Authority	https://www.caa.co.uk/		0.60		2022-06-23
PB293	Civil Justice Council	http://www.judiciary.gov.uk/about-the-judiciary/advisory-bodies/cjc		0.31		2022-06-23
OT1063	Civil Nuclear Constabulary	https://gov.uk/government/organisations/civil-nuclear-constabulary		0.74		2022-06-23
PB194	Civil Nuclear Police Authority	https://gov.uk/government/organisations/civil-nuclear-police-authority		0.71		2022-06-23
PB440	Civil Procedure Rule Committee	https://gov.uk/government/organisations/civil-procedure-rules-committee		0.11		2022-06-23
OT1200	Civil Service Board	https://gov.uk/government/organisations/civil-service-board		0.57		2022-06-23
PB366	Civil Service Commission	http://civilservicecommission.independent.gov.uk/		0.43		2022-06-23
OT1121	Civil Service Fast Stream	https://gov.uk/government/organisations/civil-service-fast-stream		0.50		2022-06-23
OT1281	Civil Service Group	https://gov.uk/government/organisations/civil-service-group		0.11		2022-06-23
OT1304	Civil Service HR	https://gov.uk/government/organisations/civil-service-hr		0.59		2022-06-23
PB195	Coal Authority	https://gov.uk/government/organisations/the-coal-authority		0.83		2022-06-23
OT1235	College of Policing	http://www.college.police.uk/		0.44		2022-06-23
OT1249	Commission for Countering Extremism	https://gov.uk/government/organisations/commission-for-countering-extremism		0.25		2022-06-23
PB525	Commission on Human Medicines	https://gov.uk/government/organisations/commission-on-human-medicines		0.11		2022-06-23
OT517	Commissioner for Public Appointments	http://publicappointmentscommissioner.independent.gov.uk/		0.34		2022-06-23
OT1264	Commissioner for Shale Gas	https://gov.uk/government/organisations/shale-commissioner		0.11		2022-06-23
PB196	Committee on Climate Change	http://www.theccc.org.uk/		1.10		2022-06-23
PB1172	Committee on Fuel Poverty	https://gov.uk/government/organisations/committee-on-fuel-poverty		0.13		2022-06-23
PB526	Committee on Mutagenicity of Chemicals in Food, Consumer Products and the Environment	https://gov.uk/government/organisations/committee-on-mutagenicity-of-chemicals-in-food-consumer-products-and-the-environment		0.11		2022-06-23
PB191	Committee on Radioactive Waste Management	https://gov.uk/government/organisations/committee-on-radioactive-waste-management		0.35		2022-06-23
PB158	Committee on Standards in Public Life	https://gov.uk/government/organisations/the-committee-on-standards-in-public-life		0.36		2022-06-23
PB576	Committee on Toxicity of Chemicals in Food, Consumer Products and the Environment	http://www.food.gov.uk/cot		0.26		2022-06-23
PB226	Commonwealth Scholarship Commission in the UK	https://gov.uk/government/organisations/commonwealth-scholarship-commission-in-the-uk		0.22		2022-06-23
EA26	Companies House 	https://gov.uk/government/organisations/companies-house		0.71		2022-06-23
PB1062	Company Names Tribunal	https://gov.uk/government/organisations/company-names-tribunal		0.43		2022-06-23
PB140	Competition Appeal Tribunal	http://www.catribunal.org.uk/		0.13		2022-06-23
PB318	Competition Service	https://www.catribunal.org.uk/about/competition-service		0.13		2022-06-23
D550	Competition and Markets Authority	https://gov.uk/government/organisations/competition-and-markets-authority		1.29		2022-06-23
OT1282	Conflict, Stability and Security Fund	https://gov.uk/government/organisations/conflict-stability-and-security-fund		0.49		2022-06-23
PB126	Construction Industry Training Board	http://www.citb.co.uk		0.35		2022-06-23
PB198	Consumer Council for Water	http://www.ccwater.org.uk/		1.21		2022-06-23
PB355	Copyright Tribunal	https://gov.uk/government/organisations/copyright-tribunal		0.38		2022-06-23
PB121	Council for Science and Technology	https://gov.uk/government/organisations/council-for-science-and-technology		0.22		2022-06-23
OT214	Covent Garden Market Authority	https://www.newcoventgardenmarket.com/		1.80		2022-06-23
IM320	Criminal Cases Review Commission	http://www.ccrc.gov.uk/		1.73		2022-06-23
PB297	Criminal Injuries Compensation Authority	https://gov.uk/government/organisations/criminal-injuries-compensation-authority		0.25		2022-06-23
PB516	Criminal Procedure Rule Committee	https://gov.uk/government/organisations/criminal-procedure-rule-committee		0.11		2022-06-23
PC1291	Crossrail International	https://www.crossrail-international.co.uk		5.97		2022-06-23
EA1015	Crown Commercial Service	https://gov.uk/government/organisations/crown-commercial-service		0.47		2022-06-23
D101	Crown Prosecution Service	http://www.cps.gov.uk/		1.53		2022-06-23
OT217	Dartmoor National Park Authority	https://www.dartmoor.gov.uk/		6.65		2022-06-23
OT405	Defence Academy of the United Kingdom	http://www.da.mod.uk		1.53		2022-06-23
EA1113	Defence Electronics and Components Agency	https://gov.uk/government/organisations/defence-electronics-and-components-agency		0.68		2022-06-23
OT495	Defence Equipment and Support	https://gov.uk/government/organisations/defence-equipment-and-support		0.40		2022-06-23
OT496	Defence Infrastructure Organisation	https://gov.uk/government/organisations/defence-infrastructure-organisation		0.70		2022-06-23
OT1250	Defence Nuclear Organisation	https://gov.uk/government/organisations/defence-nuclear-organisation		0.72		2022-06-23
PB396	Defence Nuclear Safety Committee	https://gov.uk/government/organisations/defence-nuclear-safety-committee		0.11		2022-06-23
OT1191	Defence Safety Authority	https://gov.uk/government/organisations/defence-safety-authority		0.11		2022-06-23
EA42	Defence Science and Technology Laboratory	https://gov.uk/government/organisations/defence-science-and-technology-laboratory		1.15		2022-06-23
OT411	Defence Sixth Form College	http://www.dsfc.ac.uk		0.42		2022-06-23
OT1206	Defence and Security Accelerator	https://gov.uk/government/organisations/defence-and-security-accelerator		0.88		2022-06-23
OT1153	Defence and Security Media Advisory Committee	http://www.dsma.uk/		0.17		2022-06-23
D1198	Department for Business, Energy &amp; Industrial Strategy	https://gov.uk/government/organisations/department-for-business-energy-and-industrial-strategy		1.55		2022-06-23
OT1173	Department for Communities (Northern Ireland)	https://www.communities-ni.gov.uk/		0.20		2022-06-23
D5	Department for Digital, Culture, Media &amp; Sport	https://gov.uk/government/organisations/department-for-digital-culture-media-sport		1.36		2022-06-23
D6	Department for Education	https://gov.uk/government/organisations/department-for-education		1.49		2022-06-23
D7	Department for Environment Food &amp; Rural Affairs	https://gov.uk/government/organisations/department-for-environment-food-rural-affairs		1.34		2022-06-23
OT1176	Department for Infrastructure (Northern Ireland)	https://www.infrastructure-ni.gov.uk/		0.15		2022-06-23
D1196	Department for International Trade	https://gov.uk/government/organisations/department-for-international-trade		1.57		2022-06-23
D1342	Department for Levelling Up, Housing and Communities	https://gov.uk/government/organisations/department-for-levelling-up-housing-and-communities		2.41		2022-06-23
D9	Department for Transport	https://gov.uk/government/organisations/department-for-transport		1.39		2022-06-23
D10	Department for Work &amp; Pensions	https://gov.uk/government/organisations/department-for-work-pensions		1.77		2022-06-23
OT1174	Department for the Economy (Northern Ireland)	https://www.economy-ni.gov.uk/		0.18		2022-06-23
OT1178	Department of Agriculture, Environment and Rural Affairs (Northern Ireland)	https://www.daera-ni.gov.uk/		0.19		2022-06-23
D585	Department of Education (Northern Ireland)	https://www.education-ni.gov.uk/		0.14		2022-06-23
OT1177	Department of Finance (Northern Ireland)	https://www.finance-ni.gov.uk/		0.14		2022-06-23
D12	Department of Health &amp; Social Care	https://gov.uk/government/organisations/department-of-health-and-social-care		1.24		2022-06-23
OT1175	Department of Health (Northern Ireland)	https://www.health-ni.gov.uk/		0.15		2022-06-23
D1073	Department of Justice (Northern Ireland)	https://www.justice-ni.gov.uk/		0.14		2022-06-23
OT1259	DfT OLR Holdings Limited	https://gov.uk/government/organisations/dft-olr-holdings-limited		0.44		2022-06-23
OT1182	Digital, Data and Technology Profession	https://gov.uk/government/organisations/digital-data-and-technology-profession		0.25		2022-06-23
PB459	Directly Operated Railways Limited	http://webarchive.nationalarchives.gov.uk/20151215172524/http://www.directlyoperatedrailways.co.uk/html/index.php		0.46		2022-06-23
OT1309	Disability Unit	https://gov.uk/government/organisations/disability-unit		0.49		2022-06-23
PB1152	Disabled People’s Employment Corporation (GB) Ltd	https://gov.uk/government/organisations/disabled-peoples-employment-corporation		0.11		2022-06-23
PB247	Disabled Persons Transport Advisory Committee	https://gov.uk/government/organisations/disabled-persons-transport-advisory-committee		0.19		2022-06-23
PB509	Disclosure and Barring Service	https://gov.uk/government/organisations/disclosure-and-barring-service		1.24		2022-06-23
OT1080	District Valuer Services (DVS)	https://gov.uk/government/organisations/district-valuer-services-dvs		0.11		2022-06-23
OT1238	Dounreay 	https://gov.uk/government/organisations/dounreay		0.74		2022-06-23
OT425	Drinking Water Inspectorate	http://www.dwi.gov.uk		0.34		2022-06-23
EA74	Driver and Vehicle Licensing Agency	https://gov.uk/government/organisations/driver-and-vehicle-licensing-agency		0.50		2022-06-23
EA570	Driver and Vehicle Standards Agency	https://gov.uk/government/organisations/driver-and-vehicle-standards-agency		2.08		2022-06-23
OT1233	East West Railway Company Limited	https://eastwestrail.co.uk/		8.13		2022-06-23
PB1154	Ebbsfleet Development Corporation	http://ebbsfleetdc.org.uk/		4.46		2022-06-23
PB129	Economic and Social Research Council	http://www.esrc.ac.uk/		0.46		2022-06-23
EO1216	Education and Skills Funding Agency	https://gov.uk/government/organisations/education-and-skills-funding-agency		0.52		2022-06-23
OT1267	Employment Agency Standards Inspectorate	https://gov.uk/government/organisations/employment-agency-standards-inspectorate		0.38		2022-06-23
PB131	Engineering Construction Industry Training Board	http://www.ecitb.org.uk/		1.44		2022-06-23
PB130	Engineering and Physical Sciences Research Council	http://www.epsrc.ac.uk/		0.43		2022-06-23
OT957	English Institute of Sport	http://www.eis2win.co.uk/		1.08		2022-06-23
EA199	Environment Agency	https://gov.uk/government/organisations/environment-agency		0.82		2022-06-23
OT1324	Equality Hub	https://gov.uk/government/organisations/the-equality-hub		0.95		2022-06-23
OT269	Equality and Human Rights Commission	http://www.equalityhumanrights.com/		1.65		2022-06-23
DA1105	Estyn	http://www.estyn.gov.uk/		5.92		2022-06-23
OT1348	Evaluation Task Force	https://www.gov.uk/government/organisations/evaluation-task-force		0.54		2022-06-23
OT219	Exmoor National Park Authority	https://www.exmoor-nationalpark.gov.uk/		2.98		2022-06-23
OT557	Export Control Joint Unit	https://gov.uk/government/organisations/export-control-organisation		0.23		2022-06-23
PB357	Export Guarantees Advisory Council	https://gov.uk/government/organisations/export-guarantees-advisory-council		0.17		2022-06-23
OT1316	FCDO Services 	https://www.fcdoservices.gov.uk		0.93		2022-06-23
PB441	Family Justice Council	http://www.judiciary.gov.uk/about-the-judiciary/advisory-bodies/fjc		0.31		2022-06-23
PB442	Family Procedure Rule Committee	https://gov.uk/government/organisations/family-procedure-rule-committee		0.11		2022-06-23
OT1085	Financial Conduct Authority	https://www.fca.org.uk/		0.18		2022-06-23
OT1260	Financial Reporting Council	https://www.frc.org.uk/		0.76		2022-06-23
EA37	Fire Service College	http://www.fireservicecollege.ac.uk/		2.95		2022-06-23
PB311	Fleet Air Arm Museum 	http://www.fleetairarm.com/		1.07		2022-06-23
PB1335	Flood Forecasting Centre	https://gov.uk/government/organisations/flood-forecasting-centre		0.84		2022-06-23
OT1320	Flood and Coastal Erosion Risk Management Research and Development Programme	https://gov.uk/government/organisations/flood-and-coastal-erosion-risk-management-research-and-development-programme		0.52		2022-06-23
D102	Food Standards Agency	http://www.food.gov.uk/		2.23		2022-06-23
D1315	Foreign, Commonwealth &amp; Development Office	https://gov.uk/government/organisations/foreign-commonwealth-development-office		2.77		2022-06-23
OT536	Forensic Science Regulator	https://gov.uk/government/organisations/forensic-science-regulator		0.58		2022-06-23
EA54	Forest Research	https://www.forestresearch.gov.uk		1.03		2022-06-23
D85	Forestry Commission	https://gov.uk/government/organisations/forestry-commission		0.97		2022-06-23
EA55	Forestry England	https://www.forestryengland.uk		0.46		2022-06-23
OT1273	Further Education Commissioner	https://gov.uk/government/organisations/further-education-commissioner		0.11		2022-06-23
PB169	Gambling Commission	http://www.gamblingcommission.gov.uk/		1.07		2022-06-23
PB1234	Gangmasters and Labour Abuse Authority	http://www.gla.gov.uk/		2.02		2022-06-23
PB170	Geffrye Museum	http://www.geffrye-museum.org.uk/		2.32		2022-06-23
OT1271	Geospatial Commission	https://gov.uk/government/organisations/geospatial-commission		1.33		2022-06-23
OT1307	Gov Facility Services Limited	https://gov.uk/government/organisations/gov-facility-services-limited		0.84		2022-06-23
D103	Government Actuary's Department	https://gov.uk/government/organisations/government-actuarys-department		0.78		2022-06-23
OT1302	Government Analysis Function	https://gov.uk/government/organisations/government-analysis-function		0.59		2022-06-23
OT1061	Government Chemist	https://gov.uk/government/organisations/government-chemist		0.56		2022-06-23
OT1116	Government Commercial Function	https://gov.uk/government/organisations/government-commercial-function		0.43		2022-06-23
OT1034	Government Communication Service	https://gov.uk/government/organisations/civil-service-government-communication-service		0.13		2022-06-23
OT306	Government Communications Headquarters	http://www.gchq.gov.uk/		0.72		2022-06-23
OT1050	Government Corporate Finance Profession	https://gov.uk/government/organisations/civil-service-corporate-finance-profession-cfp		0.11		2022-06-23
OT1317	Government Data Quality Hub	https://gov.uk/government/organisations/government-data-quality-hub		0.48		2022-06-23
OT1056	Government Digital Service	https://gov.uk/government/organisations/government-digital-service		0.65		2022-06-23
OT1037	Government Economic Service	https://gov.uk/government/organisations/civil-service-government-economic-service		0.50		2022-06-23
OT506	Government Equalities Office	https://gov.uk/government/organisations/government-equalities-office		0.77		2022-06-23
OT549	Government Estates Management	https://gov.uk/government/organisations/government-estates-management		0.11		2022-06-23
OT1297	Government Finance Function	https://gov.uk/government/organisations/government-finance-function		0.38		2022-06-23
OT1306	Government Geography Profession	https://gov.uk/government/organisations/government-geography-profession		0.33		2022-06-23
EA1084	Government Internal Audit Agency	https://gov.uk/government/organisations/government-internal-audit-agency		0.67		2022-06-23
OT1048	Government Knowledge &amp; Information Management Profession	https://gov.uk/government/organisations/civil-service-government-knowledge-information-management-profession		0.11		2022-06-23
D1108	Government Legal Department	https://gov.uk/government/organisations/government-legal-department		0.70		2022-06-23
OT1261	Government Legal Profession	https://gov.uk/government/organisations/civil-service-government-legal-profession		0.32		2022-06-23
OT1049	Government Occupational Psychology Profession 	https://gov.uk/government/organisations/civil-service-government-occupational-psychology-profession		0.11		2022-06-23
OT555	Government Office for Science	https://gov.uk/government/organisations/government-office-for-science		0.34		2022-06-23
OT1042	Government Operational Research Service	https://gov.uk/government/organisations/civil-service-government-operational-research-service		0.11		2022-06-23
OT1272	Government Partnerships International	https://gov.uk/government/organisations/government-partnerships-international		0.11		2022-06-23
OT1045	Government Planning Inspectors	https://gov.uk/government/organisations/civil-service-government-planning-inspectors		0.11		2022-06-23
OT1044	Government Planning Profession	https://gov.uk/government/organisations/civil-service-the-government-planning-profession		0.11		2022-06-23
EA1255	Government Property Agency	https://gov.uk/government/organisations/government-property-agency		0.70		2022-06-23
OT1310	Government Property Function	https://gov.uk/government/organisations/government-property-function		0.46		2022-06-23
OT1305	Government Recruitment Service	https://gov.uk/government/organisations/government-recruitment-service		0.24		2022-06-23
OT1040	Government Science &amp; Engineering Profession	https://gov.uk/government/organisations/civil-service-government-science-engineering		0.42		2022-06-23
OT1070	Government Security Profession	https://gov.uk/government/organisations/government-security-profession		0.11		2022-06-23
OT1321	Government Skills and Curriculum Unit	https://gov.uk/government/organisations/government-skills-and-curriculum-unit		0.46		2022-06-23
OT1043	Government Social Research Profession	https://gov.uk/government/organisations/civil-service-government-social-research-profession		0.38		2022-06-23
OT1041	Government Statistical Service	https://gss.civilservice.gov.uk/		0.70		2022-06-23
OT1046	Government Tax Profession	https://gov.uk/government/organisations/civil-service-government-tax-profession		0.11		2022-06-23
OT1047	Government Veterinary Services 	https://gov.uk/government/organisations/civil-service-government-veterinary-services		0.39		2022-06-23
PB426	Great Britain-China Centre	http://www.gbcc.org.uk/		0.19		2022-06-23
OT551	Groceries Code Adjudicator	https://gov.uk/government/organisations/groceries-code-adjudicator		0.37		2022-06-23
EA73	HM Courts &amp; Tribunals Service	https://gov.uk/government/organisations/hm-courts-and-tribunals-service		0.48		2022-06-23
OT347	HM Crown Prosecution Service Inspectorate	http://www.justiceinspectorates.gov.uk/hmcpsi/		0.39		2022-06-23
OT1241	HM Inspectorate of Constabulary and Fire &amp; Rescue Services	https://www.justiceinspectorates.gov.uk/hmicfrs/		0.47		2022-06-23
IM324	HM Inspectorate of Prisons	http://www.justice.gov.uk/about/hmi-prisons		1.04		2022-06-23
IM325	HM Inspectorate of Probation	http://www.justice.gov.uk/about/hmi-probation		2.03		2022-06-23
D69	HM Land Registry	https://gov.uk/government/organisations/land-registry		0.87		2022-06-23
OT1023	HM Nautical Almanac Office	https://gov.uk/government/organisations/hm-nautical-almanac-office		0.15		2022-06-23
EA66	HM Passport Office	https://gov.uk/government/organisations/hm-passport-office		0.39		2022-06-23
EA321	HM Prison Service	https://gov.uk/government/organisations/hm-prison-service		0.69		2022-06-23
D25	HM Revenue &amp; Customs	https://gov.uk/government/organisations/hm-revenue-customs		1.13		2022-06-23
D15	HM Treasury	https://gov.uk/government/organisations/hm-treasury		1.25		2022-06-23
PB1279	HSC Business Services Organisation (Northern Ireland)	http://www.hscbusiness.hscni.net/		0.38		2022-06-23
OT539	Health Education England	http://hee.nhs.uk/		0.74		2022-06-23
OT483	Health Research Authority	http://www.hra.nhs.uk/		1.23		2022-06-23
PB207	Health and Safety Executive	http://www.hse.gov.uk/		1.05		2022-06-23
OT559	Healthcare UK	https://gov.uk/government/organisations/healthcare-uk		0.12		2022-06-23
OT1209	Her Majesty's Government Communications Centre	http://www.hmgcc.gov.uk/		2.72		2022-06-23
EA1213	Her Majesty’s Prison and Probation Service	https://gov.uk/government/organisations/her-majestys-prison-and-probation-service		1.17		2022-06-23
PB460	High Speed Two (HS2) Limited	https://gov.uk/government/organisations/high-speed-two-limited		0.95		2022-06-23
OT1088	Higher Education Statistics Agency	https://www.hesa.ac.uk/		0.89		2022-06-23
PB1164	Historic England	http://www.historicengland.org.uk/		1.33		2022-06-23
PC389	Historic Royal Palaces	https://www.hrp.org.uk/		1.05		2022-06-23
D16	Home Office	https://gov.uk/government/organisations/home-office		1.78		2022-06-23
PB1232	Homes England	https://gov.uk/government/organisations/homes-england		0.78		2022-06-23
PB171	Horniman Public Museum and Public Park Trust	http://www.horniman.ac.uk/		4.11		2022-06-23
PB118	Horserace Betting Levy Board	http://www.hblb.org.uk/		0.36		2022-06-23
IM341	House of Lords Appointments Commission	http://lordsappointments.independent.gov.uk/		1.08		2022-06-23
PB372	Housing Ombudsman	http://www.housing-ombudsman.org.uk/		0.88		2022-06-23
PB253	Human Fertilisation and Embryology Authority	http://www.hfea.gov.uk/		0.32		2022-06-23
PB254	Human Tissue Authority	http://www.hta.gov.uk/		0.64		2022-06-23
OT1069	Immigration Enforcement	https://gov.uk/government/organisations/immigration-enforcement		0.21		2022-06-23
PB172	Imperial War Museum	http://www.iwm.org.uk/		1.40		2022-06-23
PB443	Independent Advisory Panel on Deaths in Custody	http://www.iapondeathsincustody.org/		1.36		2022-06-23
PB210	Independent Agricultural Appeals Panel	https://gov.uk/government/organisations/independent-agricultural-appeals-panel		0.11		2022-06-23
IM1123	Independent Anti-slavery Commissioner	http://www.antislaverycommissioner.co.uk/		1.95		2022-06-23
OT579	Independent Case Examiner	https://gov.uk/government/organisations/independent-case-examiner		0.36		2022-06-23
OT284	Independent Chief Inspector of Borders and Immigration 	https://gov.uk/government/organisations/independent-chief-inspector-of-borders-and-immigration		0.54		2022-06-23
IM335	Independent Commission for Aid Impact	http://icai.independent.gov.uk/		1.82		2022-06-23
PB1274	Independent Commission on Civil Aviation Noise	https://iccan.gov.uk/		1.73		2022-03-29
PB1149	Independent Commission on Freedom of Information	https://gov.uk/government/organisations/independent-commission-on-freedom-of-information		0.39		2022-06-23
OT1099	Independent Complaints Reviewer	http://www.icrev.org.uk/		0.14		2022-06-23
PB1185	Independent Dormant Assets Commission 	https://gov.uk/government/organisations/dormant-assets-commission		0.27		2022-06-23
OT1122	Independent Family Returns Panel	https://gov.uk/government/organisations/independent-family-returns-panel		0.11		2022-06-23
PB1017	Independent Medical Expert Group	https://gov.uk/government/organisations/independent-medical-expert-group		0.11		2022-06-23
PB1318	Independent Monitoring Authority for the Citizens’ Rights Agreements	https://ima-citizensrights.org.uk/		2.65		2022-06-23
OT444	Independent Monitoring Boards	http://www.imb.org.uk/		0.14		2022-06-23
PB1248	Independent Office for Police Conduct	https://policeconduct.gov.uk/		1.30		2022-06-23
PB1219	Independent Parliamentary Standards Authority 	http://www.theipsa.org.uk/		0.95		2022-06-23
PB527	Independent Reconfiguration Panel	https://gov.uk/government/organisations/independent-reconfiguration-panel		0.19		2022-06-23
PB1258	Independent Review Mechanism	https://gov.uk/government/organisations/independent-review-mechanism		0.11		2022-06-23
OT511	Independent Reviewer of Terrorism Legislation	https://terrorismlegislationreviewer.independent.gov.uk		0.56		2022-06-23
OT152	Industrial Development Advisory Board	https://gov.uk/government/organisations/industrial-development-advisory-board		0.11		2022-06-23
PB231	Industrial Injuries Advisory Council	https://gov.uk/government/organisations/industrial-injuries-advisory-council		0.33		2022-06-23
PB298	Information Commissioner's Office	http://www.ico.org.uk/		0.26		2022-06-23
OT1166	Infrastructure and Projects Authority	https://gov.uk/government/organisations/infrastructure-and-projects-authority		0.55		2022-06-23
PB1078	Innovate UK	https://gov.uk/government/organisations/innovate-uk		0.11		2022-06-23
PB445	Insolvency Rules Committee	https://gov.uk/government/organisations/insolvency-rules-committee		0.11		2022-06-23
PB1275	Institute for Apprenticeships and Technical Education	https://www.instituteforapprenticeships.org/		1.92		2022-06-23
EA34	Intellectual Property Office	https://gov.uk/government/organisations/intellectual-property-office		0.49		2022-06-23
OT1052	Intelligence Analysis 	https://gov.uk/government/organisations/civil-service-intelligence-analysis-profession		0.11		2022-06-23
OT1038	Internal Audit Profession	https://gov.uk/government/organisations/civil-service-internal-audit-profession		0.11		2022-06-23
OT1338	Invest Northern Ireland	https://www.investni.com/		0.70		2022-06-23
OT1257	Investigatory Powers Commissioner's Office	https://www.ipco.org.uk		2.20		2022-06-23
PB270	Investigatory Powers Tribunal	http://www.ipt-uk.com/		0.16		2022-06-23
PB201	Joint Nature Conservation Committee	http://jncc.defra.gov.uk/		3.09		2022-06-23
PB299	Judicial Appointments Commission	https://www.judicialappointments.gov.uk		0.64		2022-06-23
IM333	Judicial Appointments and Conduct Ombudsman	https://gov.uk/government/organisations/judicial-appointments-and-conduct-ombudsman		0.40		2022-06-23
OT1215	Judicial Office	https://www.judiciary.gov.uk/		0.54		2022-06-23
EA752	Labour Relations Agency (Northern Ireland)	https://www.lra.org.uk/		1.15		2022-06-23
OT220	Lake District National Park Authority	https://www.lakedistrict.gov.uk/		2.78		2022-06-23
OT1190	Lammy Review	https://gov.uk/government/organisations/lammy-review		0.15		2022-06-23
PB358	Land Registration Rule Committee	https://gov.uk/government/organisations/land-registration-rule-committee		0.11		2022-06-23
PB294	Law Commission	http://www.lawcom.gov.uk		0.60		2022-06-23
OT1351	Leadership College for Government	https://www.gov.uk/government/organisations/leadership-college-for-government		0.31		2022-06-23
PB373	Leasehold Advisory Service	https://www.lease-advice.org/		0.64		2022-06-23
EA556	Legal Aid Agency	https://gov.uk/government/organisations/legal-aid-agency		0.69		2022-06-23
EA1292	Legal Services Agency (Northern Ireland)	https://www.justice-ni.gov.uk/topics/legal-aid/legal-services-agency-northern-ireland		0.12		2022-06-23
IM332	Legal Services Board	http://www.legalservicesboard.org.uk/		0.36		2022-06-23
OT1263	Life Sciences Organisation	https://gov.uk/government/organisations/life-sciences-organisation		0.19		2022-06-23
OT849	Livestock and Meat Commission for Northern Ireland	https://www.lmcni.com/		2.19		2022-06-23
PB503	Local Government and Social Care Ombudsman	http://www.lgo.org.uk		1.82		2022-06-23
PB1245	LocatED	https://located.co.uk/		0.98		2022-06-23
PC493	London and Continental Railways Limited	http://www.lcrhq.co.uk/		1.89		2022-06-23
PB122	Low Pay Commission	https://gov.uk/government/organisations/low-pay-commission		0.31		2022-06-23
OT1239	Magnox Ltd	https://gov.uk/government/organisations/magnox-ltd		0.86		2022-06-23
PC472	Marine Accident Investigation Branch	https://gov.uk/government/organisations/marine-accident-investigation-branch		0.90		2022-06-23
PB57	Marine Management Organisation	https://gov.uk/government/organisations/marine-management-organisation		1.07		2022-06-23
EA78	Maritime and Coastguard Agency	https://gov.uk/government/organisations/maritime-and-coastguard-agency		0.55		2022-06-23
OT315	Marshall Aid Commemoration Commission	http://www.marshallscholarship.org/		0.97		2022-06-23
OT1054	Medical Profession	https://gov.uk/government/organisations/civil-service-medical-profession		0.11		2022-06-23
PB132	Medical Research Council	http://www.mrc.ac.uk/		0.47		2022-06-23
EA63	Medicines and Healthcare products Regulatory Agency	https://gov.uk/government/organisations/medicines-and-healthcare-products-regulatory-agency		0.62		2022-06-23
EA46	Met Office	http://www.metoffice.gov.uk/		0.45		2022-06-23
PB275	Migration Advisory Committee	https://gov.uk/government/organisations/migration-advisory-committee		0.46		2022-06-23
OT1071	Military Aviation Authority	https://gov.uk/government/organisations/military-aviation-authority		0.54		2022-06-23
D17	Ministry of Defence	https://gov.uk/government/organisations/ministry-of-defence		2.18		2022-06-23
D18	Ministry of Justice	https://gov.uk/government/organisations/ministry-of-justice		1.84		2022-06-23
OT1333	Modernisation and Reform	https://gov.uk/government/organisations/modernisation-and-reform		0.31		2022-06-23
OT1266	Money and Pensions Service	https://moneyandpensionsservice.org.uk/		4.98		2022-06-23
OT565	Morecambe Bay Investigation	https://gov.uk/government/organisations/morecambe-bay-investigation		0.11		2022-06-23
OT486	NHS Blood and Transplant	http://www.nhsbt.nhs.uk/		0.94		2022-06-23
OT529	NHS Business Services Authority	http://www.nhsbsa.nhs.uk/		0.56		2022-06-23
OT1243	NHS Counter Fraud Authority	https://cfa.nhs.uk/		0.37		2022-06-23
PB1202	NHS Digital	https://digital.nhs.uk/	FAIL			
PB481	NHS England	http://www.england.nhs.uk/		0.78		2022-06-23
PB1199	NHS Improvement	http://www.england.nhs.uk/		0.78		2022-06-23
PB531	NHS Pay Review Body	https://gov.uk/government/organisations/nhs-pay-review-body		0.55		2022-06-23
PB1287	NHS Resolution	https://resolution.nhs.uk/		0.58		2022-06-23
OT1104	NHS Wales Informatics Service	https://nwis.nhs.wales/		5.92		2022-06-23
EA104	NS&amp;I	http://www.nsandi.com/		0.59		2022-06-23
PB307	National Army Museum	http://www.nam.ac.uk/		4.17		2022-06-23
OT1270	National Citizen Service	https://www.ncsyes.co.uk/		8.86		2022-06-23
OT1089	National Counter Terrorism Security Office	https://gov.uk/government/organisations/national-counter-terrorism-security-office		0.82		2022-06-23
PB558	National Crime Agency	http://www.nationalcrimeagency.gov.uk/		1.63		2022-06-23
PB580	National Crime Agency Remuneration Review Body 	https://gov.uk/government/organisations/national-crime-agency-remuneration-review-body		0.59		2022-06-23
OT1349	National Cyber Force	https://www.gov.uk/government/organisations/national-cyber-force		0.12		2022-06-23
OT1211	National Cyber Security Centre	https://www.ncsc.gov.uk/		1.12		2022-06-23
OT1180	National Data Guardian	https://gov.uk/government/organisations/national-data-guardian		0.23		2022-06-23
OT237	National Employment Savings Trust (NEST) Corporation	https://www.nestpensions.org.uk/		1.99		2021-12-25
PB415	National Forest Company	http://www.nationalforest.org		0.52		2022-06-23
PB174	National Gallery	http://www.nationalgallery.org.uk/		1.73		2022-06-23
PB175	National Heritage Memorial Fund	http://www.nhmf.org.uk/		0.90		2022-06-23
OT1346	National Highways	https://nationalhighways.co.uk/		1.18		2022-06-23
OT1090	National Information Board	https://gov.uk/government/organisations/national-information-board		0.11		2022-06-23
OT1161	National Infrastructure Commission	https://www.nic.org.uk/		0.68		2022-06-23
PB474	National Institute for Health and Care Excellence	http://www.nice.org.uk/		4.17		2022-06-23
OT1299	National Leadership Centre	https://www.nationalleadership.gov.uk/		0.50		2022-06-23
PB1284	National Lottery Heritage Fund	https://www.heritagefund.org.uk/		0.77		2022-06-23
PB290	National Museum of the Royal Navy	http://www.nmrn.org.uk		7.01		2022-06-23
PB178	National Museums Liverpool	http://www.liverpoolmuseums.org.uk/		1.58		2022-06-23
PB179	National Portrait Gallery	https://www.npg.org.uk/		2.66		2022-06-23
OT1343	National Security Technology and Innovation Exchange	https://gov.uk/government/organisations/national-security-technology-and-innovation-exchange		0.13		2022-06-23
OT505	National security and intelligence	https://gov.uk/government/organisations/national-security		0.17		2022-06-23
PB202	Natural England	https://gov.uk/government/organisations/natural-england		1.13		2022-06-23
PB133	Natural Environment Research Council	http://www.nerc.ac.uk/		0.51		2022-06-23
PB180	Natural History Museum	http://www.nhm.ac.uk/		0.62		2022-06-23
OT1103	Natural Resources Wales	http://naturalresourceswales.gov.uk/		1.53		2022-06-23
OT1244	Network Rail	https://www.networkrail.co.uk/		1.49		2022-06-23
OT222	New Forest National Park Authority	http://www.newforestnpa.gov.uk/		2.43		2022-06-23
OT223	North York Moors National Park Authority	http://www.northyorkmoors.org.uk/		2.14		2022-06-23
OT644	Northern Ireland Council for the Curriculum, Examinations and Assessment	https://gov.uk/government/organisations/northern-ireland-council-for-the-curriculum-examinations-and-assessment		0.11		2022-06-23
EA725	Northern Ireland Courts and Tribunals Service	https://www.justice-ni.gov.uk/topics/courts-and-tribunals		0.13		2022-06-23
DA1021	Northern Ireland Executive 	http://www.northernireland.gov.uk		0.18		2022-06-23
PB1212	Northern Ireland Housing Executive	https://www.nihe.gov.uk/		1.17		2022-06-23
OT429	Northern Ireland Human Rights Commission	http://www.nihrc.org/		0.42		2022-06-23
D19	Northern Ireland Office	https://gov.uk/government/organisations/northern-ireland-office		0.94		2022-06-23
OT649	Northern Ireland Policing Board	http://www.nipolicingboard.org.uk/		0.96		2022-06-23
EA797	Northern Ireland Prison Service	https://www.justice-ni.gov.uk/topics/prisons		0.13		2022-06-23
EA701	Northern Ireland Statistics and Research Agency	http://www.nisra.gov.uk/		0.28		2022-06-23
PB463	Northern Lighthouse Board	http://www.nlb.org.uk/		1.22		2022-06-23
OT543	Northumberland National Park Authority	http://www.northumberlandnationalpark.org.uk		1.32		2022-06-23
PB197	Nuclear Decommissioning Authority	https://www.gov.uk/government/organisations/nuclear-decommissioning-authority		1.51		2022-06-23
PB193	Nuclear Liabilities Financing Assurance Board	https://gov.uk/government/organisations/nuclear-liabilities-financing-assurance-board		0.11		2022-06-23
PB400	Nuclear Research Advisory Council	https://gov.uk/government/organisations/nuclear-research-advisory-council		0.11		2022-06-23
OT1347	Nuclear Waste Services	https://www.gov.uk/government/organisations/nuclear-waste-services		1.29		2022-06-23
OT385	Ofcom	http://www.ofcom.org.uk		1.12		2022-06-23
OT1278	Office for Artificial Intelligence	https://gov.uk/government/organisations/office-for-artificial-intelligence		0.62		2022-06-23
PB260	Office for Budget Responsibility	https://obr.uk/		0.48		2022-06-23
OT1286	Office for Communications Data Authorisations	https://gov.uk/government/organisations/office-for-communications-data-authorisations		0.12		2022-06-23
OT1341	Office for Health Improvement and Disparities	https://gov.uk/government/organisations/office-for-health-improvement-and-disparities		0.15		2022-06-23
OT1332	Office for Investment	https://gov.uk/government/organisations/office-for-investment		0.75		2022-06-23
OT502	Office for Life Sciences	https://gov.uk/government/organisations/office-for-life-sciences		0.40		2022-06-23
D303	Office for National Statistics	http://www.ons.gov.uk/		0.25		2022-06-23
PC1059	Office for Nuclear Regulation	http://www.onr.org.uk/index.htm		0.76		2022-06-23
OT1246	Office for Product Safety and Standards	https://gov.uk/government/organisations/office-for-product-safety-and-standards		0.41		2022-06-23
PB1253	Office for Students	https://www.officeforstudents.org.uk/		0.53		2022-06-23
OT1301	Office for Veterans' Affairs	https://gov.uk/government/organisations/office-for-veterans-affairs		0.24		2022-06-23
OT1323	Office for Zero Emission Vehicles	https://gov.uk/government/organisations/office-for-zero-emission-vehicles		0.42		2022-06-23
OT1340	Office for the Internal Market	https://gov.uk/government/organisations/office-for-the-internal-market		0.30		2022-06-23
OT1187	Office of Financial Sanctions Implementation	https://gov.uk/government/organisations/office-of-financial-sanctions-implementation		0.39		2022-06-23
PB266	Office of Manpower Economics	https://gov.uk/government/organisations/office-of-manpower-economics		0.30		2022-06-23
D1117	Office of Rail and Road	http://www.orr.gov.uk		1.57		2022-06-23
OT261	Office of Tax Simplification	https://gov.uk/government/organisations/office-of-tax-simplification		0.58		2022-06-23
D20	Office of the Advocate General for Scotland	https://gov.uk/government/organisations/office-of-the-advocate-general-for-scotland		0.31		2022-06-23
PB413	Office of the Children's Commissioner	http://www.childrenscommissioner.gov.uk/		1.49		2022-06-23
PB263	Office of the Immigration Services Commissioner	https://gov.uk/government/organisations/office-of-the-immigration-services-commissioner		0.52		2022-06-23
D21	Office of the Leader of the House of Commons	https://gov.uk/government/organisations/the-office-of-the-leader-of-the-house-of-commons		0.83		2022-06-23
D22	Office of the Leader of the House of Lords	https://gov.uk/government/organisations/office-of-the-leader-of-the-house-of-lords		0.21		2022-06-23
OT515	Office of the Parliamentary Counsel	https://gov.uk/government/organisations/office-of-the-parliamentary-counsel		0.53		2022-06-23
OT636	Office of the Police Ombudsman for Northern Ireland	https://www.policeombudsman.org/		0.71		2022-06-23
EA72	Office of the Public Guardian	https://gov.uk/government/organisations/office-of-the-public-guardian		0.23		2022-06-23
OT1091	Office of the Registrar of Consultant Lobbyists	http://registrarofconsultantlobbyists.org.uk/		0.81		2022-06-23
OT553	Office of the Regulator of Community Interest Companies	https://gov.uk/government/organisations/office-of-the-regulator-of-community-interest-companies		0.29		2022-06-23
OT1027	Office of the Schools Adjudicator	https://gov.uk/government/organisations/office-of-the-schools-adjudicator		0.11		2022-06-23
D23	Office of the Secretary of State for Scotland	https://gov.uk/government/organisations/office-of-the-secretary-of-state-for-scotland		0.49		2022-06-23
D24	Office of the Secretary of State for Wales	https://gov.uk/government/organisations/office-of-the-secretary-of-state-for-wales		0.93		2022-06-23
OT328	Official Solicitor and Public Trustee	https://gov.uk/government/organisations/official-solicitor-and-public-trustee		0.56		2022-06-23
OT1262	Offshore Petroleum Regulator for Environment and Decommissioning	https://gov.uk/government/organisations/offshore-petroleum-regulator-for-environment-and-decommissioning		0.11		2022-06-23
D108	Ofgem	http://www.ofgem.gov.uk/		0.62		2022-06-23
D109	Ofqual	https://gov.uk/government/organisations/ofqual		0.56		2022-06-23
D106	Ofsted	https://gov.uk/government/organisations/ofsted		1.17		2022-06-23
EA1119	Oil and Gas Authority	https://www.ogauthority.co.uk/		1.22		2022-06-23
OT566	Open Public Services	https://gov.uk/government/organisations/open-public-services		0.44		2022-06-23
OT1029	Operational Delivery Profession	https://gov.uk/government/organisations/civil-service-operational-delivery-profession		0.20		2022-06-23
D38	Ordnance Survey	http://www.ordnancesurvey.co.uk/		1.95		2022-06-23
OT430	Parades Commission for Northern Ireland	http://www.paradescommission.org/		0.16		2022-06-23
PB301	Parole Board	https://gov.uk/government/organisations/parole-board		0.62		2022-06-23
OT1151	Payment Systems Regulator	https://www.psr.org.uk/		1.36		2022-06-23
OT545	Peak District National Park Authority	http://www.peakdistrict.gov.uk/		1.06		2022-06-23
PB348	Pension Protection Fund	https://www.ppf.co.uk/		1.83		2022-06-23
OT1289	Phone-paid Services Authority	https://psauthority.org.uk/		0.88		2022-06-23
EA39	Planning Inspectorate	https://gov.uk/government/organisations/planning-inspectorate		0.34		2022-06-23
PB423	Plant Varieties and Seeds Tribunal	https://gov.uk/government/organisations/plant-varieties-and-seeds-tribunal		0.11		2022-06-23
PB273	Police Advisory Board for England and Wales	https://gov.uk/government/organisations/police-advisory-board-for-england-and-wales		0.13		2022-06-23
PB278	Police Discipline Appeals Tribunal	https://gov.uk/government/organisations/police-discipline-appeals-tribunal		0.11		2022-06-23
PB1083	Police Remuneration Review Body	https://gov.uk/government/organisations/police-remuneration-review-body		0.62		2022-06-23
OT657	Police Service of Northern Ireland	http://www.psni.police.uk/		2.82		2022-06-23
OT1030	Policy Profession	https://gov.uk/government/organisations/civil-service-policy-profession		0.11		2022-06-23
OT1184	Porton Biopharma Limited	http://www.portonbiopharma.com/		0.76		2022-06-23
OT1210	Preventing Sexual Violence in Conflict Initiative	https://gov.uk/government/organisations/preventing-sexual-violence-in-conflict-initiative		0.58		2022-06-23
OT532	Prime Minister's Office, 10 Downing Street	https://gov.uk/government/organisations/prime-ministers-office-10-downing-street		2.14		2022-06-23
PB446	Prison Service Pay Review Body	https://gov.uk/government/organisations/prison-services-pay-review-body		0.61		2022-06-23
IM327	Prisons and Probation Ombudsman	http://www.ppo.gov.uk/		0.41		2022-06-23
OT342	Privy Council Office	http://privycouncil.independent.gov.uk/		0.20		2022-06-23
OT659	Probation Board for Northern Ireland	https://www.pbni.org.uk/		1.30		2021-10-07
OT723	Probation Service	https://gov.uk/government/organisations/probation-service		0.64		2022-06-23
OT971	Professional Standards Authority for Health and Social Care	http://www.professionalstandards.org.uk/		2.39		2022-06-23
OT1031	Project Delivery Profession	https://gov.uk/government/organisations/civil-service-project-delivery-profession		0.11		2022-06-23
OT1265	Public Health Agency (Northern Ireland)	http://www.publichealth.hscni.net		1.32		2022-06-23
OT1077	Public Health Wales	https://phw.nhs.wales/		1.53		2022-06-23
OT962	Public Prosecution Service for Northern Ireland	http://www.ppsni.gov.uk/		0.96		2022-06-23
OT1344	Public Services Ombudsman for Wales	http://www.ombudsman.wales/		0.96		2022-06-23
OT1192	Pubs Code Adjudicator	https://gov.uk/government/organisations/pubs-code-adjudicator		0.58		2022-06-23
EA40	Queen Elizabeth II Conference Centre	https://qeiicentre.london/		10.87		2022-06-23
OT581	Queen's Harbour Master	https://gov.uk/government/organisations/queens-harbour-master		0.11		2022-06-23
OT1254	Race Disparity Unit	https://gov.uk/government/organisations/race-disparity-unit		0.74		2022-06-23
OT1150	Radioactive Waste Management	https://gov.uk/government/organisations/radioactive-waste-management		0.13		2022-06-23
OT249	Rail Accident Investigation Branch	https://gov.uk/government/organisations/rail-accident-investigation-branch		0.99		2022-06-23
OT1207	Rail Safety and Standards Board	http://www.rssb.co.uk/		2.12		2022-06-23
PB1331	Reclaim Fund Ltd	https://gov.uk/government/organisations/reclaim-fund-ltd		0.11		2022-06-23
OT1293	Regional Schools Commissioners	https://gov.uk/government/organisations/regional-schools-commissioners		0.68		2022-06-23
PB1218	Regulator of Social Housing	https://gov.uk/government/organisations/regulator-of-social-housing		0.46		2022-06-23
PB354	Regulatory Policy Committee	https://gov.uk/government/organisations/regulatory-policy-committee		0.59		2022-06-23
OT1242	Remploy Pension Scheme Trustees Ltd 	https://gov.uk/government/organisations/remploy-pension-scheme-trustees-ltd		0.11		2022-06-23
OT1065	Reserve Forces' and Cadets' Associations (RFCA)	https://gov.uk/government/organisations/reserve-forces-and-cadets-associations		0.54		2022-06-23
PB530	Review Body on Doctors' and Dentists' Remuneration	https://gov.uk/government/organisations/review-body-on-doctors-and-dentists-remuneration		0.63		2022-06-23
PB308	Royal Air Force Museum	http://www.rafmuseum.org.uk		1.08		2022-06-23
PB182	Royal Armouries Museum	http://www.royalarmouries.org/		3.55		2022-06-23
PB310	Royal Marines Museum	https://www.nmrn.org.uk/royal-marines-museum/new-museum		0.91		2022-03-29
EA114	Royal Mint	http://www.royalmint.com/		8.76		2022-06-23
PB434	Royal Mint Advisory Committee	https://gov.uk/government/organisations/royal-mint-advisory-committee		0.11		2022-06-23
PB291	Royal Museums Greenwich	http://www.rmg.co.uk		3.57		2022-06-23
OT409	Royal Navy Submarine Museum	http://www.submarine-museum.co.uk/		1.78		2022-06-23
OT1060	Rural Development Programme for England Network	https://gov.uk/government/organisations/rural-development-programme-for-england-network		0.11		2022-06-23
EA58	Rural Payments Agency	https://gov.uk/government/organisations/rural-payments-agency		1.39		2022-06-23
PC387	S4C	https://www.s4c.cymru/cy/		2.36		2022-06-23
PB1325	Salix Finance Ltd	https://www.salixfinance.co.uk		1.67		2022-06-23
PB414	School Teachers' Review Body	https://gov.uk/government/organisations/school-teachers-review-body		0.51		2022-06-23
PB211	Science Advisory Council	https://gov.uk/government/organisations/science-advisory-council		0.11		2022-06-23
PB177	Science Museum Group	https://group.sciencemuseum.org.uk		0.63		2022-06-23
PB135	Science and Technology Facilities Council	http://www.stfc.ac.uk/		0.46		2022-06-23
PB402	Scientific Advisory Committee on the Medical Implications of Less-Lethal Weapons	https://gov.uk/government/organisations/science-advisory-committee-on-the-medical-implications-of-less-lethal-weapons		0.11		2022-06-23
OT1311	Scientific Advisory Group for Emergencies	https://gov.uk/government/organisations/scientific-advisory-group-for-emergencies		0.34		2022-06-23
OT205	Sea Fish Industry Authority	https://www.seafish.org/		6.94		2022-06-23
OT305	Secret Intelligence Service	https://www.sis.gov.uk/		1.39		2022-06-23
PB264	Security Industry Authority	https://gov.uk/government/organisations/security-industry-authority		0.53		2022-06-23
PB367	Security Vetting Appeals Panel	https://gov.uk/government/organisations/security-vetting-appeals-panel		0.11		2022-06-23
OT1220	Sellafield Ltd	https://gov.uk/government/organisations/sellafield-ltd		0.46		2022-06-23
PB368	Senior Salaries Review Body 	https://gov.uk/government/organisations/review-body-on-senior-salaries		0.51		2022-06-23
PB295	Sentencing Council for England and Wales	https://www.sentencingcouncil.org.uk		1.86		2022-06-23
D115	Serious Fraud Office	http://www.sfo.gov.uk/		0.59		2022-06-23
OT1168	Service Complaints Ombudsman 	https://www.scoaf.org.uk/		1.19		2022-06-23
OT406	Service Prosecuting Authority	https://gov.uk/government/organisations/service-prosecuting-authority		0.11		2022-06-23
PB1093	Single Source Regulations Office	https://gov.uk/government/organisations/single-source-regulations-office		0.38		2022-06-23
PB183	Sir John Soane's Museum	http://www.soane.org/		1.25		2022-06-23
PB1237	Small Business Commissioner	https://gov.uk/government/organisations/small-business-commissioner		0.16		2022-06-23
PB1193	Social Mobility Commission	https://gov.uk/government/organisations/social-mobility-commission		0.46		2022-06-23
PB578	Social Science Research Committee	http://www.food.gov.uk/ssrc		0.27		2022-06-23
PB232	Social Security Advisory Committee	https://gov.uk/government/organisations/social-security-advisory-committee		0.33		2022-06-23
PB1298	Social Work England	https://www.socialworkengland.org.uk/		1.43		2022-06-23
OT546	South Downs National Park Authority	http://www.southdowns.gov.uk		1.87		2022-06-23
PB190	Sport England	http://www.sportengland.org		0.92		2022-06-23
OT694	Sport Northern Ireland (Sports Council for Northern Ireland)	http://www.sportni.net/		0.29		2022-06-23
OT734	Sports Council for Wales	https://www.sport.wales/		0.44		2022-06-23
PB184	Sports Grounds Safety Authority	http://www.safetyatsportsgrounds.org.uk/		0.72		2022-06-23
OT1086	Stabilisation Unit	https://gov.uk/government/organisations/stabilisation-unit		0.34		2022-06-23
EA243	Standards and Testing Agency	https://gov.uk/government/organisations/standards-and-testing-agency		0.47		2022-06-23
OT1300	Strategic Command	https://gov.uk/government/organisations/strategic-command		0.59		2022-06-23
PB27	Student Loans Company	https://gov.uk/government/organisations/student-loans-company		0.99		2022-06-23
OT1314	Submarine Delivery Agency	https://gov.uk/government/organisations/submarine-delivery-agency		0.55		2022-06-23
D435	Supreme Court of the United Kingdom	http://www.supremecourt.uk		1.46		2022-06-23
PB571	Tate	http://www.tate.org.uk		0.61		2022-06-23
EA1256	Teaching Regulation Agency	https://gov.uk/government/organisations/teaching-regulation-agency		0.47		2022-06-23
PB274	Technical Advisory Board	https://gov.uk/government/organisations/technical-advisory-board		0.18		2022-06-23
OT433	The Adjudicator’s Office	https://gov.uk/government/organisations/the-adjudicator-s-office		0.33		2022-06-23
PB438	The Advisory Council on National Records and Archives	https://www.nationalarchives.gov.uk/about/our-role/advisory-council/		0.16		2022-06-23
D98	The Charity Commission	https://gov.uk/government/organisations/charity-commission		0.82		2022-06-23
OT100	The Crown Estate	http://www.thecrownestate.co.uk/		0.89		2022-06-23
IM1203	The Electoral Commission	http://www.electoralcommission.org.uk/		0.37		2022-06-23
OT1179	The Executive Office (Northern Ireland)	https://www.executiveoffice-ni.gov.uk/		0.14		2022-06-23
EA32	The Insolvency Service	https://gov.uk/government/organisations/insolvency-service		0.33		2022-06-23
IM329	The Legal Ombudsman	http://www.legalombudsman.org.uk/		1.07		2022-06-23
EA71	The National Archives	http://www.nationalarchives.gov.uk/		0.67		2022-06-23
PB1283	The National Lottery Community Fund	https://www.tnlcommunityfund.org.uk/		0.46		2022-06-23
PB401	The Oil and Pipelines Agency	https://gov.uk/government/organisations/oil-and-pipelines-agency		0.26		2022-06-23
OT519	The Parliamentary and Health Service Ombudsman 	http://www.ombudsman.org.uk/		1.09		2022-06-23
PB235	The Pension Protection Fund Ombudsman	https://www.pensions-ombudsman.org.uk/		0.81		2022-06-23
PB236	The Pensions Ombudsman	http://www.pensions-ombudsman.org.uk/		0.81		2022-06-23
PB234	The Pensions Regulator	https://www.thepensionsregulator.gov.uk		0.40		2022-06-23
PB382	The Reviewing Committee on the Export of Works of Art and Objects of Cultural Interest	http://www.artscouncil.org.uk/what-we-do/supporting-museums/cultural-property/export-controls/reviewing-committee/		2.28		2022-06-23
DA1020	The Scottish Government	http://www.gov.scot/		0.20		2022-06-23
OT304	The Security Service	https://www.mi5.gov.uk/		2.99		2022-06-23
PB380	The Theatres Trust	http://www.theatrestrust.org.uk/		0.48		2022-06-23
D240	The Water Services Regulation Authority 	http://www.ofwat.gov.uk/		1.70		2022-03-29
PB1327	Trade Remedies Authority	https://gov.uk/government/organisations/trade-remedies-authority		0.41		2022-06-23
PB465	Traffic Commissioners for Great Britain	https://gov.uk/government/organisations/traffic-commissioners		0.97		2022-06-23
PB1118	Transport Focus	http://www.transportfocus.org.uk/		26.36		2022-06-23
PB383	Treasure Valuation Committee	http://finds.org.uk/		1.56		2022-06-23
PB448	Tribunal Procedure Committee	https://gov.uk/government/organisations/tribunal-procedure-committee		0.11		2022-06-23
PB462	Trinity House	http://www.trinityhouse.co.uk/th/about/index.html		2.14		2022-06-23
PB377	UK Anti-Doping	http://www.ukad.org.uk		2.77		2022-06-23
OT1288	UK Asset Resolution Limited	https://www.ukar.co.uk/		0.16		2022-06-23
PB137	UK Atomic Energy Authority	https://gov.uk/government/organisations/uk-atomic-energy-authority		0.60		2022-06-23
OT1022	UK Co-ordinating Body	https://gov.uk/government/organisations/uk-co-ordinating-body		0.12		2022-06-23
OT1268	UK Council for Internet Safety	https://gov.uk/government/organisations/uk-council-for-internet-safety		0.44		2022-06-23
EA82	UK Debt Management Office	http://www.dmo.gov.uk/		0.83		2022-06-23
OT1312	UK Defence and Security Exports	https://gov.uk/government/organisations/uk-defence-and-security-exports		0.11		2022-06-23
D241	UK Export Finance	https://gov.uk/government/organisations/uk-export-finance		0.85		2022-06-23
OT1186	UK Government Investments	https://www.ukgi.org.uk		1.40		2022-06-23
EA1328	UK Health Security Agency	https://gov.uk/government/organisations/uk-health-security-agency		0.56		2022-06-23
PB1171	UK Holocaust Memorial Foundation	https://gov.uk/government/organisations/uk-holocaust-memorial-foundation		0.92		2022-06-23
EA51	UK Hydrographic Office	https://gov.uk/government/organisations/uk-hydrographic-office		10.43		2022-06-23
OT1330	UK National Authority for Counter-Eavesdropping	https://gov.uk/government/organisations/uk-national-authority-for-counter-eavesdropping		0.11		2022-06-23
OT1296	UK National Contact Point	https://gov.uk/government/organisations/uk-national-contact-point		0.42		2022-06-23
OT1326	UK National Screening Committee	https://gov.uk/government/organisations/uk-national-screening-committee		0.35		2022-06-23
PB1221	UK Research and Innovation	http://www.ukri.org/		0.44		2022-06-23
EA31	UK Space Agency	https://gov.uk/government/organisations/uk-space-agency		1.44		2022-06-23
PB185	UK Sport	https://www.uksport.gov.uk/		10.06		2022-06-23
D116	UK Statistics Authority	http://www.statisticsauthority.gov.uk/		1.12		2022-06-23
OT554	UK Visas and Immigration	https://gov.uk/government/organisations/uk-visas-and-immigration		0.32		2022-06-23
OT1112	United Kingdom Reserve Forces Association	https://gov.uk/government/organisations/united-kingdom-reserve-forces-association		0.11		2022-06-23
OT1294	United Kingdom Security Vetting	https://gov.uk/government/organisations/united-kingdom-security-vetting		0.42		2022-06-23
EA87	Valuation Office Agency	https://gov.uk/government/organisations/valuation-office-agency		0.57		2022-06-23
PB375	Valuation Tribunal Service	http://www.valuationtribunal.gov.uk/		0.30		2022-06-23
PB1204	Valuation Tribunal for England 	https://www.valuationtribunal.gov.uk/about-us/vte		0.30		2022-06-23
EA80	Vehicle Certification Agency	https://www.vehicle-certification-agency.gov.uk/		2.37		2022-06-23
PB403	Veterans Advisory and Pensions Committees	https://gov.uk/government/organisations/veterans-advisory-and-pensions-committees-x13		0.69		2022-06-23
OT1087	Veterans UK	https://gov.uk/government/organisations/veterans-uk		0.27		2022-06-23
EA60	Veterinary Medicines Directorate	https://gov.uk/government/organisations/veterinary-medicines-directorate		0.34		2022-06-23
PB212	Veterinary Products Committee	https://gov.uk/government/organisations/veterinary-products-committee		0.11		2022-06-23
PB326	Victims' Commissioner	http://victimscommissioner.org.uk/		0.89		2022-06-23
PB378	Victoria and Albert Museum	http://www.vam.ac.uk		0.41		2022-06-23
PB186	VisitBritain	http://www.visitbritain.org/		2.62		2022-06-23
PB376	VisitEngland	http://www.visitengland.com		1.20		2022-06-23
OT908	Wales Audit Office	http://www.wao.gov.uk/		3.13		2022-06-23
PB187	Wallace Collection	http://www.wallacecollection.org/		1.63		2022-06-23
DA1019	Welsh Government	https://gov.wales		0.40		2022-06-23
OT1101	Welsh Language Commissioner	https://www.comisiynyddygymraeg.cymru/hafan		0.74		2022-06-23
OT316	Westminster Foundation for Democracy	http://www.wfd.org/		1.58		2022-06-23
EA62	Wilton Park	http://www.wiltonpark.org.uk		2.32		2022-06-23
OT1285	Windrush Commemoration Committee	https://gov.uk/government/organisations/windrush-commemoration-committee		0.75		2022-06-23
OT547	Yorkshire Dales National Park Authority	http://www.yorkshiredales.org.uk/		1.94		2022-06-23
OT1322	Youth Custody Service	https://gov.uk/government/organisations/youth-custody-service		0.23		2022-06-23
EA697	Youth Justice Agency of Northern Ireland	https://www.justice-ni.gov.uk/topics/youth-justice/youth-justice-agency		0.12		2022-06-23
PB302	Youth Justice Board for England and Wales	https://gov.uk/government/organisations/youth-justice-board-for-england-and-wales		0.61		2022-06-23
OT1252	jHub Defence Innovation	https://gov.uk/government/organisations/jhub-defence-innovation		0.31		2022-06-23
